drug,time,age,gender,geography,antall_unike_pasienter,prevalens_pr_1000,befolkning,sum_aup,sum_ddd
ADHD-midler,2004,50,M,Akershus,0,0,15892,0,0
Allergimidler ,2004,10,F,Aust-Agder,290,80.17694221730716,3617,167259.53125,37624.30078125
Allergimidler ,2004,60,M,Buskerud,709,113.76765083440309,6232,566437.8125,163385.96875
Antibiotika,2004,20,F,Finnmark,683,341.84184184184187,1998,142638.53125,10738.09765625
Antibiotika,2004,70,M,Hedmark,988,261.79120296767354,3774,295932.125,26597.60546875
Antidepressiva,2004,30,F,Hordaland,1143,70.68208521427246,16171,2782079.5,343471.5
Antidepressiva,2004,80,M,Møre og Romsdal,237,82.63598326359832,2868,450289.4375,56967.91796875
Astma- og KOLS-midler,2004,40,F,Nordland,529,65.60019841269842,8064,1327647.125,138491.9375
Astma- og KOLS-midler,2004,90,M,Nord-Trøndelag,23,82.73381294964028,278,110258.796875,14365.8330078125
Blodtrykksmidler (brukes også ved andre hjerte/kar sykdommer),2004,50,F,Oppland,1065,172.6094003241491,6170,2093569.875,495454.78125
Demensmidler ,2004,5,M,Oslo,0,0,0,0,0
Demensmidler ,2004,60,F,Rogaland,5,0.586854460093897,8520,58093.30078125,1958.33337402344
Diabetesmidler,2004,15,M,Sogn og Fjordane,18,4.573170731707317,3936,166063.796875,16887.5
Diabetesmidler,2004,70,F,Sør-Trøndelag,371,77.11494491789648,4811,952463.0625,183398.5
Hormontilskudd ved overgangsalder,2004,25,M,Telemark,0,0,0,0,0
Hormontilskudd ved overgangsalder,2004,80,F,Troms,190,87.5979714153988,2169,86077.296875,30907.5
Kolesterolsenkende midler,2004,35,M,Vest-Agder,116,19.173553719008265,6050,435263.3125,46712.5625
Kolesterolsenkende midler,2004,90,F,Vestfold,44,34.645669291338585,1270,120793.140625,10531.529296875
Migrenemidler,2004,45,M,Østfold,148,16.377116299656965,9037,822484.375,11411.4169921875
Potensmidler,2004,5,M,Akershus,0,0,0,0,0
Potensmidler,2004,60,F,Aust-Agder,0,0,0,0,0
Prevensjonsmidler unntatt spiraler og vaginalringer,2004,15,M,Buskerud,0,0,0,0,0
Prevensjonsmidler unntatt spiraler og vaginalringer,2004,70,F,Finnmark,0,0,0,0,0
Smertestillende midler,2004,25,M,Hedmark,985,195.35898452994843,5042,223307.59375,35041.48046875
Smertestillende midler,2004,80,F,Hordaland,2963,411.0710321864595,7208,3333249.25,436841.21875
Smertestillende midler (unntatt morfinliknende virkestoffer)  ,2004,35,M,Møre og Romsdal,1824,206.84962576547971,8818,548096.6875,84297
Smertestillende midler (unntatt morfinliknende virkestoffer)  ,2004,90,F,Nordland,348,242.0027816411683,1438,380750.625,54179.25
Sovemidler,2004,45,M,Nord-Trøndelag,205,45.77936578829835,4478,67646.5,31131.646484375
Sovemidler og beroligende midler,2004,5,F,Oppland,25,4.522431259044863,5528,10111.5595703125,3566.16674804688
Sovemidler og beroligende midler,2004,55,M,Oslo,2281,145.17566191446028,15712,1082151.5,478830.875
ADHD-midler,2005,15,F,Rogaland,85,6.271211450494319,13554,571175.5,29371.87890625
ADHD-midler,2005,65,M,Sogn og Fjordane,0,0,0,0,0
Allergimidler ,2005,25,F,Sør-Trøndelag,1370,154.80225988700565,8850,610409,170052.15625
Allergimidler ,2005,75,M,Telemark,253,101.28102481985589,2498,134881.1875,46524.19921875
Antibiotika,2005,35,F,Troms,1512,263.3228840125392,5742,285555.84375,27914.12890625
Antibiotika,2005,85,M,Vest-Agder,305,361.3744075829384,844,121812.8046875,11433.052734375
Antidepressiva,2005,45,F,Vestfold,890,110.98640728270358,8019,1969073.375,288466.53125
Astma- og KOLS-midler,2005,0,M,Østfold,1595,230.15873015873015,6930,765110.25,70755.65625
Astma- og KOLS-midler,2005,55,M,Akershus,1205,73.96268107046403,16292,4379014.5,423906.03125
Blodtrykksmidler (brukes også ved andre hjerte/kar sykdommer),2005,15,F,Aust-Agder,13,3.712164477441462,3502,6548,1310
Blodtrykksmidler (brukes også ved andre hjerte/kar sykdommer),2005,65,M,Buskerud,2213,460.08316008316007,4810,5306944.5,1450219.5
Demensmidler ,2005,25,F,Finnmark,0,0,0,0,0
Demensmidler ,2005,75,M,Hedmark,86,25.279247501469722,3402,825004.375,25590
Diabetesmidler,2005,35,F,Hordaland,213,12.746858168761221,16710,745011.375,86900.0859375
Diabetesmidler,2005,85,M,Møre og Romsdal,155,100.45366169799092,1543,325213.6875,64029.66796875
Hormontilskudd ved overgangsalder,2005,45,F,Nordland,594,75.37114579368101,7881,416316.3125,147084.1875
Kolesterolsenkende midler,2005,0,M,Nord-Trøndelag,0,0,0,0,0
Kolesterolsenkende midler,2005,55,F,Oppland,792,121.95873113643363,6494,2179269.25,264505.71875
Migrenemidler,2005,10,M,Oslo,39,2.857142857142857,13650,37901.19921875,908.25
Migrenemidler,2005,65,F,Rogaland,176,26.21388144176348,6714,586913.1875,10843.75
Potensmidler,2005,20,M,Sogn og Fjordane,8,2.308136180034622,3466,76291,1654
Potensmidler,2005,75,F,Sør-Trøndelag,0,0,0,0,0
Prevensjonsmidler unntatt spiraler og vaginalringer,2005,30,M,Telemark,0,0,5448,0,0
Prevensjonsmidler unntatt spiraler og vaginalringer,2005,85,F,Troms,0,0,0,0,0
Smertestillende midler,2005,40,M,Vest-Agder,1635,274.23683327742367,5962,997016.5625,138753.78125
Smertestillende midler (unntatt morfinliknende virkestoffer)  ,2005,0,F,Vestfold,17,3.171050177205745,5361,1726.59997558594,103.233329772949
Smertestillende midler (unntatt morfinliknende virkestoffer)  ,2005,50,M,Østfold,2230,257.6545349508954,8655,692502.4375,166634.15625
Sovemidler,2005,10,M,Akershus,173,9.212908722973692,18778,136614.546875,89266.6640625
Sovemidler,2005,65,F,Aust-Agder,503,237.48819641170917,2118,190648.734375,111215.234375
Sovemidler og beroligende midler,2005,20,M,Buskerud,215,30.811120664946976,6978,125955.1875,44833.30078125
Sovemidler og beroligende midler,2005,75,F,Finnmark,335,286.3247863247863,1170,126614.796875,53157.0546875
ADHD-midler,2006,30,M,Hedmark,17,3.130755064456722,5430,112656.796875,12945.0498046875
ADHD-midler,2006,85,F,Hordaland,0,0,0,0,0
Allergimidler ,2006,40,M,Møre og Romsdal,940,109.51881626470932,8583,475844.21875,149593.421875
Antibiotika,2006,0,F,Nordland,1354,236.05299860529985,5736,192017.84375,10123.7080078125
Antibiotika,2006,50,M,Nord-Trøndelag,794,177.8673835125448,4464,195821.125,15026.7685546875
Antidepressiva,2006,10,F,Oppland,8,1.387925052047189,5764,8394.599609375,1163.33337402344
Antidepressiva,2006,60,M,Oslo,847,62.931867152091534,13459,1538526.25,261954.390625
Astma- og KOLS-midler,2006,20,F,Rogaland,540,41.97434900893898,12865,968602.4375,74554.0859375
Astma- og KOLS-midler,2006,70,M,Sogn og Fjordane,213,116.39344262295081,1830,969211.75,95971.1640625
Blodtrykksmidler (brukes også ved andre hjerte/kar sykdommer),2006,30,F,Sør-Trøndelag,202,20.95001037129226,9642,241033.765625,66611.34375
Blodtrykksmidler (brukes også ved andre hjerte/kar sykdommer),2006,80,M,Telemark,1318,654.7441629408843,2013,2556853.5,913072.9375
Demensmidler ,2006,40,F,Troms,0,0,0,0,0
Demensmidler ,2006,90,M,Vest-Agder,16,53.333333333333336,300,108371.203125,3670.66674804688
Diabetesmidler,2006,50,F,Vestfold,185,23.84942632461003,7757,848563.9375,111699.3125
Hormontilskudd ved overgangsalder,2006,5,M,Østfold,0,0,0,0,0
Hormontilskudd ved overgangsalder,2006,60,M,Akershus,0,0,14572,0,0
Kolesterolsenkende midler,2006,20,F,Aust-Agder,5,1.562988433885589,3199,11213.400390625,1213.33337402344
Kolesterolsenkende midler,2006,70,M,Buskerud,1274,338.55965984586766,3763,2563764.5,443298.03125
Migrenemidler,2006,30,F,Finnmark,110,43.947263284059126,2503,193257.4375,3849
Migrenemidler,2006,80,M,Hedmark,0,0,2540,0,0
Potensmidler,2006,40,F,Hordaland,0,0,15544,0,0
Potensmidler,2006,90,M,Møre og Romsdal,0,0,0,0,0
Prevensjonsmidler unntatt spiraler og vaginalringer,2006,50,F,Nordland,52,6.568144499178982,7917,16223.2001953125,15839.83203125
Smertestillende midler,2006,5,M,Nord-Trøndelag,67,14.922048997772828,4490,5772.39990234375,612.083312988281
Smertestillende midler,2006,60,F,Oppland,2415,409.2526690391459,5901,1700862.125,344073.15625
Smertestillende midler (unntatt morfinliknende virkestoffer)  ,2006,15,M,Oslo,770,58.20545770655378,13229,68273.84375,14922.900390625
Smertestillende midler (unntatt morfinliknende virkestoffer)  ,2006,70,F,Rogaland,1846,309.62764173096275,5962,1006931.9375,254389.625
Sovemidler,2006,25,M,Sogn og Fjordane,68,23.97743300423131,2836,13424.3935546875,6111.65673828125
Sovemidler,2006,80,F,Sør-Trøndelag,1376,325.4493850520341,4228,542972.5625,282375.59375
Sovemidler og beroligende midler,2006,35,M,Telemark,511,84.43489755452742,6052,270377.8125,106963.265625
Sovemidler og beroligende midler,2006,90,F,Troms,209,270.3751617076326,773,101052.21875,44933.6015625
ADHD-midler,2007,45,M,Vest-Agder,25,4.450774434751647,5617,212676.0625,17676.375
Allergimidler ,2007,5,F,Vestfold,632,93.13292071912761,6786,193353.65625,48021.734375
Allergimidler ,2007,55,M,Østfold,1275,146.90632561354994,8679,891397.75,296893.46875
Antibiotika,2007,15,M,Akershus,3353,180.35608627830672,18591,840420.9375,95087.828125
Antibiotika,2007,70,F,Aust-Agder,675,376.67410714285717,1792,198258.703125,22007.119140625
Antidepressiva,2007,25,M,Buskerud,280,40.409871554336846,6929,423833.03125,71602.515625
Antidepressiva,2007,80,F,Finnmark,73,79.60741548527808,917,101977.1796875,20977.166015625
Astma- og KOLS-midler,2007,35,M,Hedmark,384,57.5712143928036,6670,832713.6875,83507.1640625
Astma- og KOLS-midler,2007,90,F,Hordaland,140,47.01141705842848,2978,432745.28125,47988.59765625
Blodtrykksmidler (brukes også ved andre hjerte/kar sykdommer),2007,45,M,Møre og Romsdal,871,101.55065873848665,8577,1735936.875,491798.6875
Demensmidler ,2007,5,F,Nordland,0,0,0,0,0
Demensmidler ,2007,55,M,Nord-Trøndelag,5,1.105705440070765,4522,41549,1617.33337402344
Diabetesmidler,2007,15,F,Oppland,26,4.505285045919251,5771,195452.09375,19872.5
Diabetesmidler,2007,65,M,Oslo,866,102.80151946818613,8424,2594501.25,545683.9375
Hormontilskudd ved overgangsalder,2007,25,F,Rogaland,70,5.154639175257732,13580,28413.609375,10575.63671875
Hormontilskudd ved overgangsalder,2007,75,M,Sogn og Fjordane,0,0,0,0,0
Kolesterolsenkende midler,2007,35,F,Sør-Trøndelag,61,5.789124039100313,10537,88323.8515625,19830.671875
Kolesterolsenkende midler,2007,85,M,Telemark,262,228.6212914485166,1146,268084.28125,77123.6328125
Migrenemidler,2007,45,F,Troms,256,50.41354864119732,5078,755357,20192.166015625
Potensmidler,2007,0,M,Vest-Agder,0,0,0,0,0
Potensmidler,2007,55,F,Vestfold,0,0,0,0,0
Prevensjonsmidler unntatt spiraler og vaginalringer,2007,10,M,Østfold,0,0,0,0,0
Prevensjonsmidler unntatt spiraler og vaginalringer,2007,65,M,Akershus,0,0,0,0,0
Smertestillende midler,2007,25,F,Aust-Agder,624,221.5909090909091,2816,145070.703125,25749.310546875
Smertestillende midler,2007,75,M,Buskerud,1246,368.42105263157896,3382,958710.4375,160819.703125
Smertestillende midler (unntatt morfinliknende virkestoffer)  ,2007,35,F,Finnmark,752,267.99714896650033,2806,165215.84375,49157.84765625
Smertestillende midler (unntatt morfinliknende virkestoffer)  ,2007,85,M,Hedmark,389,283.1149927219796,1374,147815.390625,42829.76171875
Sovemidler,2007,45,F,Hordaland,1495,101.35593220338983,14750,552630.4375,258274.328125
Sovemidler og beroligende midler,2007,0,M,Møre og Romsdal,42,6.263048016701461,6706,15254.83984375,2451.68334960938
Sovemidler og beroligende midler,2007,55,F,Nordland,1768,234.85653560042508,7528,810213,309446.5
ADHD-midler,2008,10,M,Nord-Trøndelag,178,37.41067675493905,4758,1273925.25,72924.28125
ADHD-midler,2008,65,F,Oppland,0,0,4738,0,0
Allergimidler ,2008,20,M,Oslo,1794,104.23566323862646,17211,648122.8125,228293.015625
Allergimidler ,2008,75,F,Rogaland,804,146.23499454347035,5498,491321.03125,155437.34375
Antibiotika,2008,30,M,Sogn og Fjordane,513,180.76109936575054,2838,94215.6640625,9868.8330078125
Antibiotika,2008,85,F,Sør-Trøndelag,1061,357.47978436657684,2968,410165.9375,52212.9140625
Antidepressiva,2008,40,M,Telemark,372,60.10664081434804,6189,531795.375,123916.6796875
Astma- og KOLS-midler,2008,0,F,Troms,693,167.3913043478261,4140,350266.09375,30471.0390625
Astma- og KOLS-midler,2008,50,M,Vest-Agder,352,64.68210216832047,5442,1256047,119182.1640625
Blodtrykksmidler (brukes også ved andre hjerte/kar sykdommer),2008,10,F,Vestfold,5,0.673128702207862,7428,730.599975585938,384
Blodtrykksmidler (brukes også ved andre hjerte/kar sykdommer),2008,60,M,Østfold,4129,457.4055610944943,9027,9690239,2999902.25
Demensmidler ,2008,20,M,Akershus,0,0,0,0,0
Demensmidler ,2008,75,F,Aust-Agder,34,21.065675340768276,1614,274838.78125,8615.2734375
Diabetesmidler,2008,30,M,Buskerud,86,10.801306204471238,7962,574923.6875,60738.06640625
Diabetesmidler,2008,85,F,Finnmark,50,86.80555555555556,576,83012.421875,20420.8984375
Hormontilskudd ved overgangsalder,2008,40,M,Hedmark,0,0,7045,0,0
Kolesterolsenkende midler,2008,0,F,Hordaland,0,0,0,0,0
Kolesterolsenkende midler,2008,50,M,Møre og Romsdal,1064,120.2124053779234,8851,1625403.625,468047.71875
Migrenemidler,2008,10,F,Nordland,40,4.982561036372696,8028,39626.3984375,555
Migrenemidler,2008,60,M,Nord-Trøndelag,28,6.488991888760139,4315,71838.703125,1324.25
Potensmidler,2008,20,F,Oppland,0,0,4947,0,0
Potensmidler,2008,70,M,Oslo,693,116.2751677852349,5960,1586050.125,29599
Prevensjonsmidler unntatt spiraler og vaginalringer,2008,30,F,Rogaland,3461,246.40467036878826,14046,1681401.875,915907.5
Prevensjonsmidler unntatt spiraler og vaginalringer,2008,80,M,Sogn og Fjordane,0,0,0,0,0
Smertestillende midler,2008,40,F,Sør-Trøndelag,3309,319.7719366061075,10348,1371131.125,232676.421875
Smertestillende midler,2008,90,M,Telemark,134,341.83673469387753,392,96964.484375,18742.529296875
Smertestillende midler (unntatt morfinliknende virkestoffer)  ,2008,50,F,Troms,1549,300.4266873545384,5156,417340.25,124334.921875
Sovemidler,2008,5,M,Vest-Agder,11,1.99203187250996,5522,9654.7900390625,4012.35009765625
Sovemidler,2008,60,F,Vestfold,1573,212.88401678170254,7389,583356.9375,308587.40625
Sovemidler og beroligende midler,2008,15,M,Østfold,157,17.113581861783302,9174,74913.5078125,37359.33203125
Sovemidler og beroligende midler,2008,70,M,Akershus,1428,195.02868068833652,7322,547665.625,265877.65625
ADHD-midler,2009,30,F,Aust-Agder,27,8.4375,3200,235774.65625,16677.01953125
ADHD-midler,2009,80,M,Buskerud,0,0,0,0,0
Allergimidler ,2009,40,F,Finnmark,532,197.91666666666666,2688,277154.4375,105559.9140625
Allergimidler ,2009,90,M,Hedmark,56,107.6923076923077,520,18546.55078125,6976.77685546875
Antibiotika,2009,50,F,Hordaland,4315,297.1763085399449,14520,1111456.25,96257.0625
Antidepressiva,2009,5,M,Møre og Romsdal,0,0,8139,0,0
Antidepressiva,2009,60,F,Nordland,892,119.15575741383917,7486,1225872.125,292179.8125
Astma- og KOLS-midler,2009,15,M,Nord-Trøndelag,299,61.56063413629813,4857,443328.8125,40037.875
Astma- og KOLS-midler,2009,70,F,Oppland,495,126.4367816091954,3915,2258077.75,227467.5
Blodtrykksmidler (brukes også ved andre hjerte/kar sykdommer),2009,25,M,Oslo,162,5.817084994075191,27849,139704.609375,51629.45703125
Blodtrykksmidler (brukes også ved andre hjerte/kar sykdommer),2009,80,F,Rogaland,3229,679.2175010517459,4754,6304930,2217035.5
Demensmidler ,2009,35,M,Sogn og Fjordane,0,0,0,0,0
Demensmidler ,2009,90,F,Sør-Trøndelag,35,21.109770808202654,1658,201976.875,8873.177734375
Diabetesmidler,2009,45,M,Telemark,189,32.5077399380805,5814,862968.6875,118465.234375
Hormontilskudd ved overgangsalder,2009,5,F,Troms,0,0,0,0,0
Hormontilskudd ved overgangsalder,2009,55,M,Vest-Agder,0,0,0,0,0
Kolesterolsenkende midler,2009,15,F,Vestfold,8,1.04384133611691,7664,3990.30004882813,1636.66674804688
Kolesterolsenkende midler,2009,65,M,Østfold,2409,382.13832487309645,6304,3204753.75,1091547.125
Migrenemidler,2009,25,M,Akershus,86,6.681687514567633,12871,92420.296875,2114
Migrenemidler,2009,80,F,Aust-Agder,9,6.215469613259669,1448,18383.80078125,372.75
Potensmidler,2009,35,M,Buskerud,145,14.786865184580869,9806,301838.1875,5898
Potensmidler,2009,90,F,Finnmark,0,0,0,0,0
Prevensjonsmidler unntatt spiraler og vaginalringer,2009,45,M,Hedmark,0,0,0,0,0
Smertestillende midler,2009,5,F,Hordaland,224,14.983277591973245,14950,35094.8515625,2545.50317382813
Smertestillende midler,2009,55,M,Møre og Romsdal,2526,294.71473573678685,8571,1659584.5,262716.4375
Smertestillende midler (unntatt morfinliknende virkestoffer)  ,2009,15,F,Nordland,902,111.82742375402925,8066,108647.96875,27938.93359375
Smertestillende midler (unntatt morfinliknende virkestoffer)  ,2009,65,M,Nord-Trøndelag,825,253.14513654495244,3259,294891.90625,89325.4609375
Sovemidler,2009,25,F,Oppland,162,36.71804170444243,4412,62404.66015625,21221.671875
Sovemidler,2009,75,M,Oslo,1074,212.50494657696873,5054,432663.375,224228.640625
Sovemidler og beroligende midler,2009,35,F,Rogaland,1414,92.91628334866606,15218,661828,208241.390625
Sovemidler og beroligende midler,2009,85,M,Sogn og Fjordane,194,250.64599483204134,774,77947.5703125,34627.3828125
ADHD-midler,2010,45,F,Sør-Trøndelag,18,1.865284974093264,9650,91559.9609375,9138
Allergimidler ,2010,0,M,Telemark,354,84.24559733460256,4202,93773.40625,12477.5830078125
Allergimidler ,2010,55,F,Troms,940,189.82229402261711,4952,492916.96875,198667.875
Antibiotika,2010,10,M,Vest-Agder,635,104.83737824005283,6057,87832.296875,7678.72509765625
Antibiotika,2010,65,F,Vestfold,2068,355.3264604810997,5820,542712.25,67961.1875
Antidepressiva,2010,20,M,Østfold,247,29.77697408077155,8295,235739.546875,59808.21875
Antidepressiva,2010,75,M,Akershus,394,66.1517797179315,5956,402649.375,105857.1875
Astma- og KOLS-midler,2010,35,F,Aust-Agder,328,88.69659275283938,3698,1123153.125,106553.3515625
Astma- og KOLS-midler,2010,85,M,Buskerud,178,117.10526315789474,1520,793419.5,86731.3203125
Blodtrykksmidler (brukes også ved andre hjerte/kar sykdommer),2010,45,F,Finnmark,374,148.29500396510707,2522,418877.125,169214.671875
Demensmidler ,2010,0,M,Hedmark,0,0,0,0,0
Demensmidler ,2010,55,F,Hordaland,9,0.656359393232205,13712,59304.5,2796.77197265625
Diabetesmidler,2010,10,M,Møre og Romsdal,36,4.140786749482402,8694,219826.09375,21575
Diabetesmidler,2010,65,F,Nordland,443,72.07940123657663,6146,1229850.625,241591.953125
Hormontilskudd ved overgangsalder,2010,20,M,Nord-Trøndelag,0,0,0,0,0
Hormontilskudd ved overgangsalder,2010,75,F,Oppland,466,137.62551683402245,3386,284205.59375,47874.86328125
Kolesterolsenkende midler,2010,30,M,Oslo,255,8.06375106726117,31623,318275.1875,86125
Kolesterolsenkende midler,2010,85,F,Rogaland,1207,330.0519551544982,3657,1071291.5,460586.375
Migrenemidler,2010,40,M,Sogn og Fjordane,37,9.747102212855639,3796,133617.796875,3008.5
Potensmidler,2010,0,F,Sør-Trøndelag,0,0,0,0,0
Potensmidler,2010,50,M,Telemark,282,48.07364473235595,5866,667498.875,12553
Prevensjonsmidler unntatt spiraler og vaginalringer,2010,10,F,Troms,30,6.058158319870759,4952,9902.599609375,5170.56298828125
Prevensjonsmidler unntatt spiraler og vaginalringer,2010,60,M,Vest-Agder,0,0,0,0,0
Smertestillende midler,2010,20,F,Vestfold,1324,187.37616756297763,7066,255698.703125,45152.98046875
Smertestillende midler,2010,70,M,Østfold,1828,373.0612244897959,4900,1372362.625,248661.171875
Smertestillende midler (unntatt morfinliknende virkestoffer)  ,2010,30,M,Akershus,2360,155.99180382047723,15129,297026.46875,84949.109375
Smertestillende midler (unntatt morfinliknende virkestoffer)  ,2010,85,F,Aust-Agder,450,385.2739726027397,1168,187309.453125,56154.80859375
Sovemidler,2010,40,M,Buskerud,535,52.04280155642023,10280,277763.90625,114442.9921875
Sovemidler og beroligende midler,2010,0,F,Finnmark,8,4.160166406656266,1923,2994.26000976563,238.33332824707
Sovemidler og beroligende midler,2010,50,M,Hedmark,671,100.56954436450839,6672,368586.90625,127270.546875
ADHD-midler,2011,10,F,Hordaland,182,11.758625145367619,15478,1020278.125,58016.95703125
ADHD-midler,2011,60,M,Møre og Romsdal,0,0,8244,0,0
Allergimidler ,2011,20,F,Nordland,1259,167.68779968034096,7508,385104.84375,156123.4375
Allergimidler ,2011,70,M,Nord-Trøndelag,329,127.81662781662781,2574,174798.1875,69356.046875
Antibiotika,2011,30,F,Oppland,1413,306.10918544194107,4616,274405.03125,29146.216796875
Antibiotika,2011,80,M,Oslo,1241,311.80904522613065,3980,479363.90625,44802.08203125
Antidepressiva,2011,40,F,Rogaland,1542,97.07882145555276,15884,1567803.875,524265.3125
Antidepressiva,2011,90,M,Sogn og Fjordane,44,111.11111111111111,396,33472.22265625,10536.451171875
Astma- og KOLS-midler,2011,50,F,Sør-Trøndelag,739,81.71163202122955,9044,2040486.125,193566.671875
Blodtrykksmidler (brukes også ved andre hjerte/kar sykdommer),2011,5,M,Telemark,0,0,4822,0,0
Blodtrykksmidler (brukes også ved andre hjerte/kar sykdommer),2011,60,F,Troms,1699,357.6842105263158,4750,2513791.5,931494.125
Demensmidler ,2011,15,M,Vest-Agder,0,0,0,0,0
Demensmidler ,2011,70,F,Vestfold,39,8.024691358024691,4860,244369.734375,12659.6494140625
Diabetesmidler,2011,25,M,Østfold,60,8.005336891260841,7495,372320.1875,36964
Diabetesmidler,2011,80,M,Akershus,487,104.9116760017234,4642,1043508,227927.109375
Hormontilskudd ved overgangsalder,2011,40,F,Aust-Agder,77,19.543147208121827,3940,43533.57421875,16124.26953125
Hormontilskudd ved overgangsalder,2011,90,M,Buskerud,0,0,0,0,0
Kolesterolsenkende midler,2011,50,F,Finnmark,280,120.74169900819318,2319,271409.0625,89872.6328125
Migrenemidler,2011,5,M,Hedmark,0,0,5334,0,0
Migrenemidler,2011,60,F,Hordaland,452,34.22168382798304,13208,1326715.125,40395.5
Potensmidler,2011,15,M,Møre og Romsdal,0,0,8992,0,0
Potensmidler,2011,70,F,Nordland,0,0,0,0,0
Prevensjonsmidler unntatt spiraler og vaginalringer,2011,25,M,Nord-Trøndelag,0,0,0,0,0
Prevensjonsmidler unntatt spiraler og vaginalringer,2011,80,F,Oppland,0,0,3138,0,0
Smertestillende midler,2011,35,M,Oslo,5548,195.73807507761785,28344,1378450.875,246986.515625
Smertestillende midler,2011,90,F,Rogaland,1018,404.61049284578695,2516,1114335.875,159046.3125
Smertestillende midler (unntatt morfinliknende virkestoffer)  ,2011,45,M,Sogn og Fjordane,861,221.5645908389089,3886,172385.484375,51591.21875
Sovemidler,2011,5,F,Sør-Trøndelag,22,2.569493109086662,8562,28498.029296875,8859
Sovemidler,2011,55,M,Telemark,584,99.43810658947727,5873,266553.53125,123225.3203125
Sovemidler og beroligende midler,2011,15,F,Troms,162,30.82191780821918,5256,54370.7421875,11190.2666015625
Sovemidler og beroligende midler,2011,65,M,Vest-Agder,840,208.23004462072385,4034,447996.75,202547.859375
ADHD-midler,2012,25,F,Vestfold,95,14.637904468412943,6490,463987.46875,39780.08984375
ADHD-midler,2012,75,M,Østfold,0,0,0,0,0
Allergimidler ,2012,35,M,Akershus,3031,151.23241193493664,20042,1177682.875,468174.4375
Allergimidler ,2012,90,F,Aust-Agder,53,66.91919191919192,792,24430.03125,9731.033203125
Antibiotika,2012,45,M,Buskerud,1955,191.77947812438688,10194,407427.53125,40098.3671875
Antidepressiva,2012,5,F,Finnmark,0,0,0,0,0
Antidepressiva,2012,55,M,Hedmark,512,76.39510593852582,6702,495342.59375,174026.859375
Astma- og KOLS-midler,2012,15,F,Hordaland,958,60.56391452775319,15818,1254804,120495.21875
Astma- og KOLS-midler,2012,65,M,Møre og Romsdal,808,111.5713891190279,7242,3620853.75,342848
Blodtrykksmidler (brukes også ved andre hjerte/kar sykdommer),2012,25,F,Nordland,112,17.699115044247787,6328,706462.5,21098.125
Blodtrykksmidler (brukes også ved andre hjerte/kar sykdommer),2012,75,M,Nord-Trøndelag,1302,669.7530864197531,1944,1798110,917270.625
Demensmidler ,2012,35,F,Oppland,0,0,5608,0,0
Demensmidler ,2012,85,M,Oslo,75,29.365700861393893,2554,362583.03125,21100.1796875
Diabetesmidler,2012,45,F,Rogaland,285,18.994934684084242,15004,1037101.375,138018.109375
Hormontilskudd ved overgangsalder,2012,0,M,Sogn og Fjordane,0,0,0,0,0
Hormontilskudd ved overgangsalder,2012,55,F,Sør-Trøndelag,2012,225.00559159024826,8942,1437795.625,266714.15625
Kolesterolsenkende midler,2012,10,M,Telemark,0,0,5170,0,0
Kolesterolsenkende midler,2012,65,F,Troms,1340,309.5403095403095,4329,1138342.75,482775.9375
Migrenemidler,2012,20,M,Vest-Agder,43,6.691565515094927,6426,28790.099609375,1608
Migrenemidler,2012,75,F,Vestfold,47,11.835809619743138,3971,78033.1015625,2931.5
Potensmidler,2012,30,M,Østfold,79,9.74827245804541,8104,96955.3984375,1973
Potensmidler,2012,85,M,Akershus,57,21.380345086271568,2666,72700.703125,1406
Prevensjonsmidler unntatt spiraler og vaginalringer,2012,45,F,Aust-Agder,205,53.219106957424714,3852,102412.6015625,62687.62109375
Smertestillende midler,2012,0,M,Buskerud,160,21.884831076460127,7311,32141.259765625,548.264343261719
Smertestillende midler,2012,55,F,Finnmark,862,386.5470852017937,2230,633134.375,113272.890625
Smertestillende midler (unntatt morfinliknende virkestoffer)  ,2012,10,M,Hedmark,153,26.12704918032787,5856,12139.7099609375,3394.66650390625
Smertestillende midler (unntatt morfinliknende virkestoffer)  ,2012,65,F,Hordaland,3934,326.7713265221364,12039,1446120.5,481728.78125
Sovemidler,2012,20,M,Møre og Romsdal,166,18.844363718923827,8809,56769.921875,17931.451171875
Sovemidler,2012,75,F,Nordland,1188,289.05109489051097,4110,504245.75,220004.84375
Sovemidler og beroligende midler,2012,30,M,Nord-Trøndelag,175,47.98464491362764,3647,56262.66796875,14180.93359375
Sovemidler og beroligende midler,2012,85,F,Oppland,1086,458.2278481012658,2370,598346.9375,248454.96875
ADHD-midler,2013,40,M,Oslo,80,3.174729155918886,25199,699691.8125,48789.1015625
Allergimidler ,2013,0,F,Rogaland,644,44.66638923567763,14418,105217.90625,19798.19921875
Allergimidler ,2013,50,M,Sogn og Fjordane,418,107.23447922011287,3898,189973.796875,78674.578125
Antibiotika,2013,10,F,Sør-Trøndelag,857,99.79040521658128,8588,181277.15625,13073.8720703125
Antibiotika,2013,60,M,Telemark,1212,221.8967411204687,5462,346754.0625,30516.34765625
Antidepressiva,2013,20,F,Troms,293,53.022077452044876,5526,246641.75,90344.8359375
Antidepressiva,2013,70,M,Vest-Agder,222,74.6469401479489,2974,214361.921875,67976.3125
Astma- og KOLS-midler,2013,30,F,Vestfold,387,57.70090949753988,6707,592241.3125,69797.5
Astma- og KOLS-midler,2013,80,M,Østfold,462,167.75599128540304,2754,2138231.5,253328.90625
Blodtrykksmidler (brukes også ved andre hjerte/kar sykdommer),2013,40,M,Akershus,1413,59.42967698519516,23776,1379221,679489.875
Demensmidler ,2013,0,F,Aust-Agder,0,0,0,0,0
Demensmidler ,2013,50,M,Buskerud,0,0,0,0,0
Diabetesmidler,2013,10,F,Finnmark,0,0,2340,0,0
Diabetesmidler,2013,60,M,Hedmark,638,96.88686408504176,6585,2516622.5,369661.65625
Hormontilskudd ved overgangsalder,2013,20,F,Hordaland,43,2.454057755963931,17522,18531.5,6954.63134765625
Hormontilskudd ved overgangsalder,2013,70,M,Møre og Romsdal,0,0,0,0,0
Kolesterolsenkende midler,2013,30,F,Nordland,20,3.19642000958926,6257,29884.71484375,7834.66650390625
Kolesterolsenkende midler,2013,80,M,Nord-Trøndelag,632,445.6981664315938,1418,371344.71875,251311.859375
Migrenemidler,2013,40,F,Oppland,369,55.43870192307692,6656,632970.75,22185
Migrenemidler,2013,90,M,Oslo,0,0,0,0,0
Potensmidler,2013,50,F,Rogaland,0,0,13568,0,0
Prevensjonsmidler unntatt spiraler og vaginalringer,2013,5,M,Sogn og Fjordane,0,0,0,0,0
Prevensjonsmidler unntatt spiraler og vaginalringer,2013,60,F,Sør-Trøndelag,0,0,8226,0,0
Smertestillende midler,2013,15,M,Telemark,361,62.56499133448874,5770,53168.07421875,9817.8623046875
Smertestillende midler,2013,70,F,Troms,1183,381.61290322580646,3100,776807.9375,156219.875
Smertestillende midler (unntatt morfinliknende virkestoffer)  ,2013,25,M,Vest-Agder,925,159.64791163272352,5794,130205.3671875,38738.92578125
Smertestillende midler (unntatt morfinliknende virkestoffer)  ,2013,80,F,Vestfold,1401,430.54701905347264,3254,577531.3125,214523.046875
Sovemidler,2013,35,M,Østfold,421,45.23963034601333,9306,159295,58833.71875
Sovemidler,2013,90,M,Akershus,325,265.52287581699346,1224,135999.828125,73952.84375
Sovemidler og beroligende midler,2013,50,F,Aust-Agder,789,217.35537190082644,3630,524220.0625,193426.609375
ADHD-midler,2014,5,M,Buskerud,97,11.13406795224977,8712,557750.125,26077.666015625
ADHD-midler,2014,60,F,Finnmark,0,0,2190,0,0
Allergimidler ,2014,15,M,Hedmark,1013,155.41577170911322,6518,346122.75,156938.9375
Allergimidler ,2014,70,F,Hordaland,1941,207.94943218341547,9334,1032502,420577.34375
Antibiotika,2014,25,M,Møre og Romsdal,1393,164.93014444707555,8446,262978.375,27999.58984375
Antibiotika,2014,80,F,Nordland,1216,356.8075117370892,3408,544677.0625,71867.875
Antidepressiva,2014,35,M,Nord-Trøndelag,176,47.05882352941177,3740,186726.09375,69296.46875
Antidepressiva,2014,90,F,Oppland,233,159.4798083504449,1461,157821.40625,61788.671875
Astma- og KOLS-midler,2014,45,M,Oslo,1353,60.561299852289515,22341,2423241,267176.21875
Blodtrykksmidler (brukes også ved andre hjerte/kar sykdommer),2014,5,F,Rogaland,17,1.094725996522635,15529,295181.3125,4546.66650390625
Blodtrykksmidler (brukes også ved andre hjerte/kar sykdommer),2014,55,M,Sogn og Fjordane,1042,280.9382582906444,3709,981925.9375,570499
Demensmidler ,2014,15,F,Sør-Trøndelag,0,0,0,0,0
Demensmidler ,2014,65,M,Telemark,18,3.314917127071823,5430,61788.25390625,5431.22900390625
Diabetesmidler,2014,25,F,Troms,67,12.546816479400748,5340,278298.75,26914.248046875
Diabetesmidler,2014,75,M,Vest-Agder,278,125.7918552036199,2210,954614.1875,141043.796875
Hormontilskudd ved overgangsalder,2014,35,F,Vestfold,87,11.555319431531412,7529,46078.19921875,22215.234375
Hormontilskudd ved overgangsalder,2014,85,M,Østfold,0,0,0,0,0
Kolesterolsenkende midler,2014,45,M,Akershus,1779,74.18372878528835,23981,1894104.375,754553.875
Migrenemidler,2014,5,F,Aust-Agder,0,0,0,0,0
Migrenemidler,2014,55,M,Buskerud,111,12.729357798165138,8720,316104.75,9009
Potensmidler,2014,15,F,Finnmark,0,0,0,0,0
Potensmidler,2014,65,M,Hedmark,621,93.29927884615384,6656,1244533.875,27471.83984375
Prevensjonsmidler unntatt spiraler og vaginalringer,2014,25,F,Hordaland,7712,422.59849854786563,18249,4245112,2293513
Prevensjonsmidler unntatt spiraler og vaginalringer,2014,75,M,Møre og Romsdal,0,0,0,0,0
Smertestillende midler,2014,35,F,Nordland,1747,271.4418893722809,6436,1182729,162579.9375
Smertestillende midler,2014,85,M,Nord-Trøndelag,340,388.12785388127855,876,264063.4375,42025.43359375
Smertestillende midler (unntatt morfinliknende virkestoffer)  ,2014,45,F,Oppland,2390,350.1831501831502,6825,778016.9375,258422.21875
Sovemidler,2014,0,M,Oslo,33,1.608343893166975,20518,38356,3953.43334960938
Sovemidler,2014,55,F,Rogaland,2144,165.4576323506714,12958,959702.75,378220.4375
Sovemidler og beroligende midler,2014,10,M,Sogn og Fjordane,95,26.12761276127613,3636,85011.6484375,35818.53515625
Sovemidler og beroligende midler,2014,65,F,Sør-Trøndelag,2267,280.98661378284584,8068,1209013,453268.78125
ADHD-midler,2015,20,M,Telemark,79,13.552925030022301,5829,352793.03125,25928.548828125
ADHD-midler,2015,75,F,Troms,0,0,0,0,0
Allergimidler ,2015,30,M,Vest-Agder,883,148.15436241610738,5960,300183.34375,128879.53125
Allergimidler ,2015,85,F,Vestfold,332,142.79569892473117,2325,174917.25,68415.3671875
Antibiotika,2015,40,M,Østfold,1988,188.740150004747,10533,531693.375,39796.1171875
Antidepressiva,2015,0,M,Akershus,0,0,0,0,0
Antidepressiva,2015,55,F,Aust-Agder,519,140.72668112798266,3688,474683.75,191514.65625
Astma- og KOLS-midler,2015,10,M,Buskerud,707,83.41198678621991,8476,843259.125,107059.0703125
Astma- og KOLS-midler,2015,65,F,Finnmark,393,180.6066176470588,2176,1488036.25,175013.796875
Blodtrykksmidler (brukes også ved andre hjerte/kar sykdommer),2015,20,M,Hedmark,30,4.802305106451097,6247,425497.6875,7737.16650390625
Blodtrykksmidler (brukes også ved andre hjerte/kar sykdommer),2015,75,F,Hordaland,4723,617.8702250130822,7644,6187523,2787301.25
Demensmidler ,2015,30,M,Møre og Romsdal,0,0,0,0,0
Demensmidler ,2015,85,F,Nordland,70,26.86108979278588,2606,227303.375,20119.595703125
Diabetesmidler,2015,40,M,Nord-Trøndelag,117,26.363226678684093,4438,717045.6875,73357.75
Hormontilskudd ved overgangsalder,2015,0,F,Oppland,0,0,3990,0,0
Hormontilskudd ved overgangsalder,2015,50,M,Oslo,0,0,19996,0,0
Kolesterolsenkende midler,2015,10,F,Rogaland,8,0.549148819330038,14568,3074.10009765625,784
Kolesterolsenkende midler,2015,60,M,Sogn og Fjordane,897,251.19014281713805,3571,742629.625,471426.84375
Migrenemidler,2015,20,F,Sør-Trøndelag,340,29.89273782310533,11374,243660.203125,9752
Migrenemidler,2015,70,M,Telemark,16,3.925417075564279,4076,88262.296875,2249
Potensmidler,2015,30,F,Troms,0,0,0,0,0
Potensmidler,2015,80,M,Vest-Agder,66,40.59040590405904,1626,147821,3729
Prevensjonsmidler unntatt spiraler og vaginalringer,2015,40,F,Vestfold,955,110.71180153025736,8626,468955.875,291566.09375
Prevensjonsmidler unntatt spiraler og vaginalringer,2015,90,M,Østfold,0,0,0,0,0
Smertestillende midler,2015,50,M,Akershus,6094,279.54128440366975,21800,3898775,581803.375
Smertestillende midler (unntatt morfinliknende virkestoffer)  ,2015,10,F,Aust-Agder,89,26.230474506336574,3393,34700.890625,2162.04174804688
Smertestillende midler (unntatt morfinliknende virkestoffer)  ,2015,60,M,Buskerud,2247,276.51981294609897,8126,890579.625,242795.84375
Sovemidler,2015,20,F,Finnmark,102,41.04627766599597,2485,43673.359375,9068.4033203125
Sovemidler,2015,70,M,Hedmark,516,106.2821833161689,4855,244287.140625,94357.5
Sovemidler og beroligende midler,2015,30,F,Hordaland,1074,62.325905292479106,17232,439019.8125,108764.703125
Sovemidler og beroligende midler,2015,80,M,Møre og Romsdal,665,242.3469387755102,2744,315291.8125,119494.3046875
ADHD-midler,2016,40,F,Nordland,96,12.93800539083558,7420,786616.4375,54661.828125
ADHD-midler,2016,90,M,Nord-Trøndelag,0,0,0,0,0
Allergimidler ,2016,50,F,Oppland,1526,231.77399756986634,6584,906070.25,347562.28125
Antibiotika,2016,5,M,Oslo,2702,139.28553018196814,19399,605571,25298.376953125
Antibiotika,2016,60,F,Rogaland,3443,286.1535904255319,12032,1107427.125,113313.21875
Antidepressiva,2016,15,M,Sogn og Fjordane,58,14.587525150905433,3976,55159.1484375,16842.130859375
Antidepressiva,2016,70,F,Sør-Trøndelag,910,129.4820717131474,7028,706762.625,249733.0625
Astma- og KOLS-midler,2016,25,M,Telemark,225,41.45173176123802,5428,214804.09375,28358.6953125
Astma- og KOLS-midler,2016,80,F,Troms,372,189.79591836734693,1960,1323604.375,157960.828125
Blodtrykksmidler (brukes også ved andre hjerte/kar sykdommer),2016,35,M,Vest-Agder,234,39.20254649019936,5969,211355.921875,103983.5546875
Blodtrykksmidler (brukes også ved andre hjerte/kar sykdommer),2016,90,F,Vestfold,1228,657.7396893411891,1867,1386226,744763
Demensmidler ,2016,45,M,Østfold,0,0,0,0,0
Diabetesmidler,2016,5,M,Akershus,33,1.575254188744093,20949,181658.5,17637.5
Diabetesmidler,2016,60,F,Aust-Agder,174,47.69736842105263,3648,1005084.375,99539.875
Hormontilskudd ved overgangsalder,2016,15,M,Buskerud,0,0,8896,0,0
Hormontilskudd ved overgangsalder,2016,70,F,Finnmark,297,182.2085889570552,1630,244441.4375,17157.78515625
Kolesterolsenkende midler,2016,25,M,Hedmark,36,6.260869565217391,5750,64019.7734375,12879.7138671875
Kolesterolsenkende midler,2016,80,F,Hordaland,2411,399.96682149966824,6028,1816321.625,948579.625
Migrenemidler,2016,35,M,Møre og Romsdal,90,10.752688172043012,8370,122006.296875,5510
Migrenemidler,2016,90,F,Nordland,0,0,1956,0,0
Potensmidler,2016,45,M,Nord-Trøndelag,173,35.81780538302277,4830,395940.75,8416
Prevensjonsmidler unntatt spiraler og vaginalringer,2016,5,F,Oppland,0,0,0,0,0
Prevensjonsmidler unntatt spiraler og vaginalringer,2016,55,M,Oslo,0,0,17417,0,0
Smertestillende midler,2016,15,F,Rogaland,1965,130.46942434101322,15061,368063.15625,69026.96875
Smertestillende midler,2016,65,M,Sogn og Fjordane,915,278.79341864716633,3282,675779.625,109386.5703125
Smertestillende midler (unntatt morfinliknende virkestoffer)  ,2016,25,F,Sør-Trøndelag,2219,184.76269775187345,12010,429269.75,112133.7578125
Smertestillende midler (unntatt morfinliknende virkestoffer)  ,2016,75,M,Telemark,739,282.49235474006116,2616,365794.46875,110632.0625
Sovemidler,2016,35,F,Troms,247,51.695269987442444,4778,137897.046875,33269.19921875
Sovemidler,2016,85,M,Vest-Agder,295,314.1640042598509,939,153629.5,68042.5625
Sovemidler og beroligende midler,2016,45,F,Vestfold,1402,153.59333917616127,9128,840282.25,234619.828125
